,Nom,Prénom,Montant (en millions)
8,BADET,Lionel,5.9573256599999995
11,BENHAMOU,Ygal,5.423930605600001
72,MAURY,Philippe,5.352875273333334
8,ROBERT,Caroline,5.03191904
66,MICHEL,Laure,4.164639126666667
